Antonio Nariño,Ciudad Jardín
Antonio Nariño,Restrepo
Barrios Unidos,Los Andes
Barrios Unidos,Doce de Octubre
Barrios Unidos,Los Alcazares
Barrios Unidos,Parque Salitre
Bosa,Apogeo
Bosa,Bosa Occidental
Bosa,Bosa Central
Bosa,El Porvenir
Bosa,Tintal Sur
Candelaria,La Candelaria
Chapinero,El Refugio
Chapinero,San Isidro - Patios
Chapinero,Pardo Rubio
Chapinero,Chico Lago
Chapinero,Chapinero
Ciudad Bolívar,El Mochuelo
Ciudad Bolívar,Monte Blanco
Ciudad Bolívar,Arborizadora
Ciudad Bolívar,San Francisco
Ciudad Bolívar,Lucero
Ciudad Bolívar,El Tesoro
Ciudad Bolívar,Ismael Perdomo
Ciudad Bolívar,Jerusalem
Engativá,Las Ferias
Engativá,Minuto de Dios
Engativá,Boyaca Real
Engativá,Santa Cecilia
Engativá,Bolivia
Engativá,Garcés Navas
Engativá,Engativa
Engativá,Jardín Botánico
Engativá,Alamos
Fontibón,Fontibón
Fontibón,Fontibón San Pablo
Fontibón,Zona Franca
Fontibón,Ciudad Salitre Occ.
Fontibón,Granjas de Techo
Fontibón,Modelia
Fontibón,Capellanía
Fontibón,Aeropuerto el Dorado
Kennedy,Américas
Kennedy,Carvajal
Kennedy,Castilla
Kennedy,Kennedy Central
Kennedy,Timiza
Kennedy,Tintal Norte
Kennedy,Calandaima
Kennedy,Corabastos
Kennedy,Gran Britalia
Kennedy,Patio Bonito
Kennedy,Las Margaritas
Kennedy,Bavaria
Los Mártires,Santa Isabel
Los Mártires,La Sabana
Puente Aranda,Ciudad Montes
Puente Aranda,Muzu
Puente Aranda,San Rafael
Puente Aranda,Zona Industrial
Puente Aranda,Puente Aranda
Rafael Uribe Uribe,San José
Rafael Uribe Uribe,Quiroga
Rafael Uribe Uribe,Marco Fidel Suárez
Rafael Uribe Uribe,Marruecos
Rafael Uribe Uribe,Diana Turbay
San Cristóbal,San Blas
San Cristóbal,Sosiego
San Cristóbal,20 de Julio
San Cristóbal,La Gloria
San Cristóbal,Los Libertadores
Santafé,Sagrado Corazón
Santafé,La Macarena
Santafé,Las Nieves
Santafé,Las Cruces
Santafé,Lourdes
Suba,La Academia
Suba,Guaymaral
Suba,San jose de Bavaria
Suba,Britalia
Suba,El Prado
Suba,La Alhambra
Suba,Casa blanca suba
Suba,Niza
Suba,La Floresta
Suba,Suba
Suba,El Rincón
Suba,Tibabuyes
Teusaquillo,Galerias
Teusaquillo,Teusaquillo
Teusaquillo,Parque Simón Bolívar - Can
Teusaquillo,La Esmeralda
Teusaquillo,Quinta Paredes
Teusaquillo,Ciudad Salitre Oriental
Tunjuelito,Venecia
Tunjuelito,Tunjuelito
Usaquén,Paseo de los Libertadores
Usaquén,Verbenal
Usaquén,La Uribe
Usaquén,San Cristobal Norte
Usaquén,Toberin
Usaquén,Los Cedros
Usaquén,Usaquén
Usaquén,Country Club
Usaquén,Santa Bárbara
Usme,La Flora
Usme,Danubio
Usme,Gran Yomasa
Usme,Comuneros
Usme,Alfonso López
Usme,Parque Entrenubes
Usme,Ciudad Usme
